Fingerprint ID,coordinate_X,coordinate_Y,zone,b8:8a:60:97:e2:b4,34:fc:b9:18:e5:f1,34:fc:b9:18:e5:f0,34:fc:b9:18:e5:f2,34:fc:b9:18:b6:d1,34:fc:b9:18:b6:d0,34:fc:b9:18:b6:d2,34:fc:b9:18:e7:a1,34:fc:b9:18:e7:a0,34:fc:b9:18:e7:a2,34:fc:b9:18:e9:b1,34:fc:b9:18:e9:b2,34:fc:b9:18:e9:b0,34:fc:b9:18:e7:b0,34:fc:b9:18:e7:b2,34:fc:b9:18:e7:b1,78:17:be:b8:16:84,34:2c:c4:9d:1d:31,18:31:bf:3f:da:08,34:fc:b9:18:e5:41,34:fc:b9:18:e5:50,34:fc:b9:18:e5:e2,34:fc:b9:18:b6:c1,cc:19:a8:3b:5a:32,cc:19:a8:3b:5a:30,34:fc:b9:18:e9:a1,34:fc:b9:18:e9:a0,34:fc:b9:18:e9:a2,34:fc:b9:18:b6:c0,34:fc:b9:18:b6:c2,34:fc:b9:18:e5:e1,34:fc:b9:18:e5:e0,54:67:51:a6:37:e1,50:c7:bf:c1:44:c6,00:05:ca:7e:f1:b8,00:05:ca:7e:f1:b9,84:16:f9:3f:40:00,1c:ab:c0:ee:a5:39,00:06:91:72:e3:70,00:06:91:72:e3:72,a8:bd:27:4a:a9:21,a8:bd:27:4a:a9:22,34:fc:b9:18:e6:a1,E1:E9:C3:D9:09:C3,FF:20:88:3C:97:E7,CA:E0:7D:11:26:B3
1065,2.0,2.0,Personal,-71,-74,-76,-76,-88,-90,-91,0,0,0,0,0,0,0,0,0,0,0,0,0,0,0,0,0,0,0,0,0,0,0,0,0,0,0,0,0,0,0,0,0,0,0,0,-87,-90,-81
1066,2.0,2.0,Personal,-62,-73,-75,-75,0,0,0,-63,-64,-64,-86,-89,-90,-92,-92,0,0,0,0,0,0,0,0,0,0,0,0,0,0,0,0,0,0,0,0,0,0,0,0,0,0,0,0,-85,-89,-80
1067,2.0,2.0,Personal,-62,-68,-72,-72,0,-91,-91,0,0,0,0,-93,-93,-89,-90,-88,0,0,0,0,0,0,0,0,0,0,0,0,0,0,0,0,0,0,0,0,0,0,0,0,0,0,0,-90,-86,-80
1068,2.0,2.0,Personal,-64,-73,-76,-75,-82,-86,-86,0,0,0,0,0,0,-90,-89,-89,-94,0,0,0,0,0,0,0,0,0,0,0,0,0,0,0,0,0,0,0,0,0,0,0,0,0,0,-87,-93,-82
1069,2.0,2.0,Personal,-62,-75,-77,-76,-89,-91,-93,0,0,0,0,-92,-91,-91,-92,0,0,-94,0,0,0,0,0,0,0,0,0,0,0,0,0,0,0,0,0,0,0,0,0,0,0,0,0,-92,-90,-82
1070,2.0,2.0,Personal,-60,-74,-77,-78,0,0,0,0,0,0,-89,-89,-91,-91,-88,-89,0,0,0,0,0,0,0,0,0,0,0,0,0,0,0,0,0,0,0,0,0,0,0,0,0,0,0,-93,-92,-81
1071,2.0,2.0,Personal,-59,-68,-72,-72,0,0,0,0,0,0,-86,-91,-89,-91,-91,0,-93,0,-96,0,0,0,0,0,0,0,0,0,0,0,0,0,0,0,0,0,0,0,0,0,0,0,0,-94,-84,-80
1072,2.0,2.0,Personal,-59,-72,-74,-74,0,0,0,-63,-64,-64,-86,-90,-90,-90,-91,-86,-92,0,0,0,0,0,0,0,0,0,0,0,0,0,0,0,0,0,0,0,0,0,0,0,0,0,0,-89,-83,-84
1073,2.0,2.0,Personal,-56,-72,-75,-75,-82,-85,-85,0,0,0,0,0,0,0,0,0,-94,0,0,-88,-94,0,0,0,0,0,0,0,0,0,0,0,0,0,0,0,0,0,0,0,0,0,0,-95,-84,-82
1074,2.0,2.0,Personal,-65,-72,-75,-75,-84,-85,-85,0,0,0,0,0,0,-89,-89,-86,-92,0,0,0,0,0,0,0,0,0,0,0,0,0,0,0,0,0,0,0,0,0,0,0,0,0,0,-93,-82,-82
1075,2.0,2.0,Personal,-64,-72,-74,-75,-82,-85,-85,-63,-64,-63,0,0,0,-90,-89,-88,-93,0,-95,0,0,-71,0,0,0,0,0,0,0,0,0,0,0,0,0,0,0,0,0,0,0,0,0,-91,-82,-82
1076,2.0,2.0,Personal,-61,-73,-74,-75,-82,-85,-86,-63,-66,-67,0,0,0,-89,-91,0,-92,0,0,0,0,0,0,0,0,0,0,0,0,0,0,0,0,0,0,0,0,0,0,0,0,0,0,-92,-82,-80
1077,2.0,2.0,Personal,-60,-75,-77,-77,-84,-86,-85,0,0,0,0,0,0,-91,-91,0,-94,0,0,0,0,0,0,0,0,0,0,0,0,0,0,0,0,0,0,0,0,0,0,0,0,0,0,-92,-86,-89
1078,2.0,2.0,Personal,-59,-62,-65,-65,-83,-87,-87,0,0,0,0,-95,0,-90,-91,0,-95,0,0,-89,0,0,0,0,0,0,0,0,0,0,0,0,0,0,0,0,0,0,0,0,0,0,0,-93,-88,-85
1079,2.0,2.0,Personal,-61,-74,-75,-75,0,-86,-86,-63,0,-64,0,0,0,-91,-90,0,-91,0,0,-90,0,0,0,0,0,0,0,0,0,0,0,0,0,0,0,0,0,0,0,0,0,0,0,-93,-87,-85
1095,6.0,2.0,Personal,-54,-74,-80,-79,0,0,0,-74,-77,-77,0,0,0,0,0,0,0,0,0,0,0,0,0,0,0,0,0,0,0,-90,0,0,0,0,0,0,0,0,0,0,0,0,0,-82,-92,-95
1096,6.0,2.0,Personal,-54,-82,-85,-84,0,0,0,0,0,0,0,0,0,0,0,0,0,0,0,0,0,0,-87,0,0,0,0,0,0,-87,0,0,0,0,0,0,0,0,0,0,0,0,0,-82,-82,-91
1097,6.0,2.0,Personal,-54,-82,-85,-84,0,0,0,0,0,0,0,0,0,0,0,0,0,0,0,0,0,0,0,0,0,0,0,0,-86,-85,0,0,0,-90,0,0,0,0,0,0,0,0,0,-82,-82,-89
1098,6.0,2.0,Personal,-54,-78,-81,-81,0,0,0,0,0,0,0,0,0,0,0,0,0,0,0,0,0,0,-87,0,0,0,0,0,-87,-87,0,0,0,0,0,0,0,0,0,0,0,0,0,-82,-82,-88
1099,6.0,2.0,Personal,-53,-84,-85,-85,0,0,0,0,0,0,0,0,0,0,0,0,0,0,0,0,0,0,-87,0,0,0,0,0,-86,-86,0,0,0,0,0,0,0,0,0,0,0,0,0,-82,-82,-89
1100,6.0,2.0,Personal,-54,0,-85,-85,0,0,0,0,0,0,0,0,0,0,0,0,0,0,0,0,0,0,-85,0,0,0,0,0,-86,-85,0,0,0,0,0,0,0,0,0,0,0,0,0,-82,-82,-89
1101,6.0,2.0,Personal,-53,-84,-84,-83,0,0,0,0,0,0,0,0,0,0,0,0,0,0,0,0,0,0,-86,0,0,0,0,0,-87,-86,0,0,0,0,0,0,0,0,0,0,0,0,0,-87,-83,-87
1102,6.0,2.0,Personal,-55,-77,-80,-79,0,0,0,0,0,0,0,0,0,0,0,0,0,0,0,0,0,0,-87,0,0,0,0,0,-86,-86,0,0,0,0,0,0,0,0,0,0,0,0,0,-86,-84,-90
1103,6.0,2.0,Personal,-52,-82,-85,-84,0,0,0,0,0,0,0,0,0,0,0,0,0,0,0,0,0,0,-87,0,0,0,0,0,-87,-86,0,0,0,0,0,0,0,0,0,0,0,0,0,-86,-83,-92
1104,6.0,2.0,Personal,-54,-77,-81,-81,0,0,0,-77,-78,-77,0,0,0,0,0,0,0,0,0,0,0,0,-87,0,0,0,0,0,-86,-87,0,0,0,0,0,0,0,0,0,0,0,0,0,-88,-83,-92
1105,6.0,2.0,Personal,-60,-80,-84,-84,0,0,0,0,0,0,0,0,0,0,0,0,0,0,0,0,0,0,-86,0,0,0,0,0,-87,-86,0,0,0,0,0,0,0,0,0,0,0,0,0,-87,-84,-94
1106,6.0,2.0,Personal,-55,-81,-83,-84,0,0,0,0,0,0,0,0,0,0,0,0,0,0,0,0,0,0,0,0,0,0,0,0,-83,-82,0,0,0,0,0,0,0,0,0,0,0,0,0,-82,-94,-95
1107,6.0,2.0,Personal,-56,-79,-81,-82,0,0,0,0,0,0,0,0,0,0,0,0,0,0,-95,0,0,0,0,0,0,0,0,0,0,-85,0,0,0,0,0,0,0,0,0,0,0,0,0,-82,-89,-93
1108,6.0,2.0,Personal,-53,-83,-84,-85,0,0,0,0,0,0,0,0,0,0,0,0,0,0,0,0,0,0,-89,0,0,0,0,0,-85,-86,0,0,0,-93,0,0,0,0,0,0,0,0,0,-82,-92,-93
1109,6.0,2.0,Personal,-54,-83,-85,-85,0,0,0,0,0,0,0,0,0,0,0,0,0,0,0,0,0,0,-87,0,0,0,0,0,-87,-86,0,0,0,0,0,0,0,0,0,0,0,0,0,-82,-94,-95
1110,7.85,2.0,Personal,-55,-81,-84,-84,0,0,0,0,0,0,0,0,0,0,0,0,0,0,-92,0,0,0,0,0,0,-90,0,0,0,0,0,0,0,0,-95,-96,0,0,0,0,0,0,0,-95,-79,-91
1111,7.85,2.0,Personal,-55,-82,-85,-86,0,0,0,0,0,0,0,0,0,-91,-91,0,0,0,0,0,0,0,0,0,0,-90,0,0,0,0,0,0,0,0,0,0,0,0,0,0,0,0,0,-96,-82,-89
1112,7.85,2.0,Personal,-55,-82,-85,-85,0,0,0,0,0,0,0,0,0,0,-91,0,0,0,0,0,0,0,0,0,0,-88,0,0,0,0,0,0,0,0,0,0,0,0,0,0,0,0,0,-96,-82,-89
1113,7.85,2.0,Personal,-53,-77,-81,-81,0,0,0,0,0,0,0,0,0,-91,-92,0,0,0,0,0,0,-77,0,-93,-94,-87,0,0,0,0,-76,-76,0,0,0,0,0,0,0,0,0,0,0,-87,-83,-90
1114,7.85,2.0,Personal,-54,-83,-86,-85,0,0,0,0,0,0,0,0,0,0,-92,0,0,0,0,0,0,0,0,0,0,-89,0,0,0,0,0,0,0,0,0,0,0,0,0,0,0,0,0,-85,-81,-83
1115,7.85,2.0,Personal,-54,-84,-84,-84,0,0,0,0,0,0,0,0,0,0,0,0,-96,0,-94,0,0,0,0,0,0,-90,0,0,0,0,0,0,0,0,0,0,0,0,0,0,0,0,0,-86,-81,-82
1116,7.85,2.0,Personal,-53,-83,-83,-83,0,0,0,-72,-76,-76,0,0,0,0,0,0,0,0,0,0,0,0,0,0,0,-89,0,-90,0,0,0,0,0,0,0,0,0,0,0,0,0,0,0,-86,-82,-84
1117,7.85,2.0,Personal,-53,-81,-84,-84,0,0,0,0,0,0,0,0,0,-93,-91,0,-95,0,0,0,0,0,0,0,0,0,0,-93,0,0,0,0,0,0,0,0,0,0,0,0,0,0,0,-86,-82,-82
1118,7.85,2.0,Personal,-52,-82,-85,-84,0,0,0,-73,-78,-78,0,0,0,-92,-92,0,-95,0,0,0,0,0,0,-93,-91,-88,0,-92,0,0,0,0,0,0,0,0,0,0,0,0,0,0,0,-85,-81,-84
1119,7.85,2.0,Personal,-52,-72,-74,-74,0,0,0,0,0,0,0,0,0,0,0,0,0,0,-93,0,0,0,0,0,0,-89,0,0,0,0,0,0,0,-91,0,0,0,0,0,0,0,0,0,-91,-90,-92
1120,7.85,2.0,Personal,-52,-81,-85,-85,0,0,0,0,0,0,0,0,0,-92,-92,0,0,0,0,0,0,0,0,-95,-94,-89,0,-89,0,0,0,0,0,0,0,0,0,0,0,0,0,0,0,-92,-90,-92
1121,7.85,2.0,Personal,-53,-78,-81,-81,0,0,0,0,0,0,0,0,0,0,0,0,0,0,0,0,0,0,0,0,0,-89,0,-92,0,0,0,0,0,0,0,0,0,0,0,0,0,0,0,-91,-91,-91
1122,7.85,2.0,Personal,-55,-82,-85,-85,0,0,0,0,0,0,0,0,0,0,-93,0,0,0,0,0,0,0,0,0,0,0,0,0,0,0,0,0,0,0,0,0,0,0,0,0,0,0,0,-85,-82,-82
1123,7.85,2.0,Personal,-53,-81,-84,-84,0,0,0,0,0,0,0,0,0,-92,0,0,0,0,0,0,0,0,0,0,0,-90,0,0,0,0,0,0,0,0,0,0,0,0,0,0,0,0,0,-89,-90,-91
1124,7.85,2.0,Personal,-53,-77,-80,-80,0,0,0,0,0,0,0,0,0,0,0,0,0,0,-93,0,0,0,0,-95,-95,-89,0,0,0,0,0,0,0,0,0,0,0,0,0,0,0,0,0,-91,-89,-92
1125,2.0,4.0,Personal,-54,-79,-83,-82,0,0,0,0,0,0,0,0,0,-91,-91,0,0,0,0,0,0,0,0,0,0,0,0,0,0,0,0,0,0,0,0,0,0,0,0,0,0,0,0,-90,-91,-83
1126,2.0,4.0,Personal,-52,-79,-82,-82,0,0,0,0,0,0,0,0,0,-93,-93,0,0,0,0,0,0,-73,-80,0,0,0,0,0,-81,-82,-70,-73,0,0,0,0,0,0,0,0,0,0,0,-92,-91,-79
1127,2.0,4.0,Personal,-55,-77,-80,-80,0,0,0,0,0,0,0,0,0,-92,-91,0,0,0,0,0,0,0,0,0,0,0,0,0,0,0,0,0,0,0,0,0,0,0,0,0,0,0,0,-93,-92,-79
1128,2.0,4.0,Personal,-51,-73,-78,-78,0,0,0,0,0,0,0,0,0,-92,-91,0,0,0,0,0,0,0,0,0,0,0,0,0,0,0,0,0,0,0,0,0,0,0,0,0,0,0,0,-89,-94,-81
1129,2.0,4.0,Personal,-55,-80,-83,-83,0,0,0,-68,-73,0,0,0,0,-92,-91,0,0,0,0,0,0,0,0,0,0,0,0,0,0,0,0,0,0,0,0,0,0,0,0,0,0,0,0,-91,-96,-80
1130,2.0,4.0,Personal,-56,-84,-87,-88,0,0,0,0,0,0,0,0,0,0,0,0,0,0,0,0,0,0,0,0,0,0,0,0,0,0,0,0,0,0,0,0,0,0,0,0,0,0,0,-96,-91,-79
1131,2.0,4.0,Personal,-54,-75,-81,-81,0,0,0,0,0,0,0,0,0,-92,-91,0,0,0,0,0,0,0,0,0,0,0,0,0,0,0,0,0,0,0,0,0,0,0,0,0,0,0,0,-94,-89,-80
1132,2.0,4.0,Personal,-56,-85,-86,-85,0,0,0,0,0,0,0,0,0,-91,-91,0,0,0,0,0,0,0,0,0,0,0,0,0,0,0,0,0,0,0,0,0,0,0,0,0,0,0,0,-92,-94,-92
1133,2.0,4.0,Personal,-53,-83,-84,-86,0,0,0,0,0,0,0,0,0,-91,-92,0,0,0,0,0,0,0,0,0,0,0,0,0,0,0,0,0,0,0,0,0,0,0,0,0,0,0,0,-88,-91,-84
1134,2.0,4.0,Personal,-55,-81,-84,-84,0,0,0,0,0,0,0,0,0,-92,-91,0,0,0,0,0,0,0,0,0,0,0,0,0,0,0,0,0,0,0,0,0,0,0,0,0,0,0,0,-92,-92,-95
1135,2.0,4.0,Personal,-53,-81,-84,-84,0,0,0,0,0,0,0,0,0,-90,-92,0,0,0,0,0,0,0,0,0,0,0,0,0,0,0,0,0,0,0,0,0,0,0,0,0,0,0,0,-91,-92,-95
1136,2.0,4.0,Personal,-56,-82,-86,-87,0,0,0,0,0,0,0,0,0,0,0,0,0,0,0,0,0,-72,0,0,0,0,0,0,0,0,-71,-72,0,0,0,0,0,0,0,0,0,0,0,-92,-92,-90
1137,2.0,4.0,Personal,-56,-81,-85,-85,0,0,0,-70,0,-70,0,0,0,-92,-91,0,0,0,0,0,0,0,0,0,0,0,0,0,0,0,0,0,0,0,0,0,0,0,0,0,0,0,0,-92,-93,-94
1138,2.0,4.0,Personal,-56,-77,-80,-81,0,0,0,0,0,0,0,0,0,-90,-92,0,0,0,0,0,0,0,0,0,0,-76,-79,-79,0,0,0,0,0,0,0,0,0,0,0,0,0,0,0,-88,-87,-86
1139,2.0,4.0,Personal,-57,-80,-83,-84,0,0,0,0,0,0,0,0,0,-92,-90,0,0,0,0,0,0,0,0,0,0,-76,-79,-79,0,0,0,0,0,0,0,0,0,0,0,0,0,0,0,-88,-90,-86
1155,6.0,4.0,Personal,-54,-73,-75,-76,0,0,0,-75,0,0,0,0,0,0,0,0,0,0,0,0,0,0,0,0,0,0,0,0,0,0,0,0,0,0,0,0,0,0,0,0,0,0,0,-92,-89,-94
1156,6.0,4.0,Personal,-56,0,-86,-86,0,0,0,0,0,0,0,0,0,0,0,0,0,0,0,0,0,0,0,0,0,0,0,0,0,0,0,0,0,0,0,0,0,0,0,0,0,0,0,-86,-89,-93
1157,6.0,4.0,Personal,-55,-84,-87,-87,0,0,0,0,0,0,0,0,0,0,0,0,0,0,0,0,0,0,0,0,0,0,0,0,0,0,0,0,0,0,0,0,0,0,0,0,0,0,0,-80,-96,-94
1158,6.0,4.0,Personal,-55,-83,-86,-86,0,0,0,0,0,0,0,0,0,0,0,0,0,0,0,0,0,0,0,0,0,0,0,0,0,0,0,0,0,0,0,0,0,0,0,0,0,0,0,-78,-92,-91
1159,6.0,4.0,Personal,-54,-85,-86,-87,0,0,0,0,0,0,0,0,0,0,0,0,0,0,0,0,0,0,0,0,0,0,0,0,0,0,0,0,0,0,0,0,0,0,0,0,0,0,0,-78,-92,-90
1160,6.0,4.0,Personal,-55,0,-86,-86,0,0,0,0,0,0,0,0,0,0,0,0,0,0,0,0,0,-77,0,0,0,0,0,0,0,0,-76,-78,0,0,0,0,0,0,0,0,0,0,0,-79,-92,-91
1161,6.0,4.0,Personal,-56,-84,-85,-86,0,0,0,0,0,0,0,0,0,0,0,0,0,0,-94,0,0,0,0,0,0,0,0,0,0,0,0,0,0,0,0,0,0,0,0,0,0,0,0,-78,-96,-95
1162,6.0,4.0,Personal,-54,-84,-86,-86,0,0,0,0,0,0,0,0,0,0,0,0,0,0,-95,0,0,0,0,0,0,0,0,0,0,0,0,0,0,0,0,0,0,0,0,0,0,0,0,-78,-92,-93
1163,6.0,4.0,Personal,-54,0,-85,-85,0,0,0,-72,-75,-76,0,0,0,0,0,0,0,0,-94,0,0,0,0,0,0,0,0,0,0,0,0,0,0,0,0,0,0,0,0,0,0,0,0,-79,-91,-92
1164,6.0,4.0,Personal,-54,-80,-84,-84,0,0,0,0,0,0,0,0,0,0,0,0,0,0,-95,0,0,0,0,0,0,0,0,0,0,0,0,0,0,0,0,0,0,0,0,0,0,0,0,-80,-91,-92
1165,6.0,4.0,Personal,-54,-84,-86,-86,0,0,0,0,0,0,0,0,0,0,0,0,0,0,0,0,0,0,0,0,0,0,0,0,0,0,0,0,0,0,0,0,0,0,0,0,0,0,0,-98,-91,-92
1166,6.0,4.0,Personal,-55,-85,-87,-86,0,0,0,0,0,0,0,0,0,0,0,0,0,0,-94,0,0,0,0,0,0,0,0,0,0,0,0,0,0,0,0,0,0,0,0,0,0,0,0,-99,-91,-90
1167,6.0,4.0,Personal,-55,-84,-86,-87,0,0,0,-72,0,-75,0,0,0,0,0,0,0,0,0,0,0,0,0,0,0,-80,0,-83,0,0,0,0,0,0,0,0,0,0,0,0,0,0,0,-87,-90,-89
1168,6.0,4.0,Personal,-56,-85,-87,-87,0,0,0,0,0,0,0,0,0,0,0,0,0,0,-96,0,0,0,0,0,0,0,0,0,0,0,0,0,0,0,0,0,0,0,0,0,0,0,0,-88,-90,-89
1169,6.0,4.0,Personal,-54,-84,-86,-87,0,0,0,0,0,0,0,0,0,0,0,0,0,0,0,0,0,0,0,0,0,0,0,0,0,0,0,0,0,0,0,0,0,0,0,0,0,0,0,-87,-89,-88
1170,7.85,4.0,Personal,-59,-85,-88,-89,0,0,0,0,0,0,0,0,0,0,0,0,0,0,0,0,0,0,0,0,0,-89,0,0,0,0,0,0,0,0,0,0,-96,0,0,0,0,0,0,-87,-86,-91
1171,7.85,4.0,Personal,-58,-85,-89,-88,0,0,0,0,0,0,0,0,0,0,0,0,0,0,0,0,0,0,0,0,0,-88,0,0,0,0,0,-83,0,0,0,0,0,0,0,0,0,0,0,-88,-85,-87
1172,7.85,4.0,Personal,-58,-87,-89,-88,0,0,0,-72,0,-76,0,0,0,0,0,0,0,0,0,0,0,0,0,0,0,-89,-91,-88,0,0,0,0,0,0,0,0,0,0,0,0,0,0,0,-88,-84,-87
1173,7.85,4.0,Personal,-64,0,-91,-90,0,0,0,0,0,0,0,0,0,0,0,0,0,0,0,0,0,0,0,0,0,0,0,-89,0,0,0,0,0,0,0,0,0,0,0,0,0,0,0,-90,-85,-88
1174,7.85,4.0,Personal,-61,-84,-88,-88,0,0,0,-74,-77,-78,0,0,0,0,0,0,0,0,0,0,0,-87,0,-92,-96,-88,0,-89,0,0,-80,-83,0,0,0,0,0,0,0,0,0,0,0,-87,-85,-86
1175,7.85,4.0,Personal,-61,-85,-89,-89,0,0,0,0,0,0,0,0,0,0,0,0,0,0,-94,0,0,0,0,-96,-88,-88,-89,-88,0,0,0,0,0,0,0,0,0,0,0,0,0,0,0,-89,-80,-83
1176,7.85,4.0,Personal,-61,-88,0,0,0,0,0,0,0,0,0,0,0,0,0,0,0,0,0,0,0,-85,0,0,0,-88,0,0,0,0,-78,-83,0,0,0,0,0,0,0,0,0,0,0,-88,-82,-82
1177,7.85,4.0,Personal,-64,0,-92,0,0,0,0,0,0,0,0,0,0,0,0,0,-96,0,0,0,0,0,0,0,0,-88,0,0,0,0,0,0,0,0,0,0,0,0,0,0,0,0,0,-88,-80,-85
1178,7.85,4.0,Personal,-61,-87,-90,-91,0,0,0,0,0,0,0,0,0,0,0,0,0,0,0,0,0,-83,0,-94,-94,-88,0,-91,0,0,-77,-82,0,0,0,0,0,0,0,0,0,0,0,-91,-81,-82
1179,7.85,4.0,Personal,-59,-83,-88,-88,0,0,0,-74,-75,0,0,0,0,0,0,0,0,0,0,0,0,0,0,0,0,-88,-90,-91,0,0,0,0,0,0,0,0,0,0,0,0,0,0,0,-88,-80,-82
1180,7.85,4.0,Personal,-58,0,-91,0,0,0,0,-73,-75,-75,0,0,0,0,0,0,0,0,0,0,0,-83,0,0,0,-90,-91,-92,0,0,-79,-84,0,0,0,0,0,0,0,0,0,0,0,-86,-91,-91
1181,7.85,4.0,Personal,-63,-84,-87,-88,0,0,0,0,0,0,0,0,0,0,0,0,0,0,0,0,0,0,0,-95,-94,0,0,0,0,0,0,0,0,0,0,0,0,0,0,0,0,0,0,-87,-89,-90
1182,7.85,4.0,Personal,-59,0,-91,-91,0,0,0,-74,-77,0,0,0,0,0,0,0,0,0,-95,0,0,0,0,-93,-91,-88,-90,-90,0,0,0,0,0,0,0,0,0,0,0,0,0,0,0,-87,-85,-86
1183,7.85,4.0,Personal,-61,-85,-87,-88,0,0,0,0,0,0,0,0,0,0,0,0,0,0,0,0,0,0,0,0,0,-89,0,0,0,0,0,0,0,0,0,0,0,0,0,0,0,0,0,-87,-88,-87
1184,7.85,4.0,Personal,-59,0,-91,-91,0,0,0,0,0,0,0,0,0,0,0,0,0,0,0,0,0,0,0,-90,-91,-89,0,-90,0,0,0,0,0,0,0,0,0,0,0,0,0,0,0,-88,-86,-86
1190,2.0,6.0,Personal,-53,-76,-80,-80,0,0,0,0,0,0,0,0,0,-87,-88,-89,0,0,0,0,0,0,0,0,0,0,0,0,0,0,0,0,0,0,0,0,0,0,0,0,0,0,0,-99,-94,-86
1191,2.0,6.0,Personal,-50,-72,-75,-76,0,0,0,0,0,0,0,0,0,-88,-87,0,0,0,0,0,0,-74,0,0,0,0,0,0,0,0,-71,-73,0,0,0,0,0,0,0,0,0,0,0,-98,-94,-88
1192,2.0,6.0,Personal,-51,-69,-72,-73,0,0,0,0,0,0,0,0,0,-88,-88,0,0,0,0,0,0,0,0,0,0,0,0,0,0,0,0,0,0,0,0,0,0,0,0,0,0,0,0,-96,-91,-85
1193,2.0,6.0,Personal,-50,-71,-75,-75,0,0,0,0,0,0,0,0,0,-87,-88,0,0,0,0,0,0,-72,0,0,0,0,0,0,0,0,-70,-73,0,0,0,0,0,0,0,0,0,0,0,-97,-92,-87
1194,2.0,6.0,Personal,-52,-75,-78,-79,0,0,0,0,0,0,0,0,0,-88,-88,-86,0,0,0,0,0,0,0,0,0,0,0,0,0,0,0,0,0,0,0,0,0,0,0,0,0,0,0,-95,-93,-85
1195,2.0,6.0,Personal,-50,-71,-75,-74,0,0,0,0,0,0,0,0,0,-88,-88,0,0,0,0,0,0,0,0,0,0,0,0,0,0,0,0,0,0,0,0,0,0,0,0,0,0,0,0,-91,-87,-85
1196,2.0,6.0,Personal,-53,-75,-79,-79,0,0,0,0,0,0,0,0,0,-87,-88,-82,0,0,0,0,0,0,0,0,0,0,0,0,0,0,0,0,0,0,0,0,0,0,0,0,0,0,0,-92,-89,-85
1197,2.0,6.0,Personal,-51,-75,-79,-78,0,0,0,0,0,0,0,0,0,-87,-87,0,0,0,0,0,0,0,0,0,0,0,0,0,0,0,0,0,0,0,0,0,0,0,0,0,0,0,0,-91,-89,-93
1198,2.0,6.0,Personal,-53,-73,-76,-76,0,0,0,-63,-64,-64,0,0,0,-87,-87,-87,0,0,0,0,0,0,0,0,0,0,0,0,0,0,0,0,0,0,0,0,0,0,0,0,0,0,0,-97,-94,-87
1199,2.0,6.0,Personal,-51,-72,-76,-76,0,0,0,0,0,0,0,0,0,-88,-88,-86,0,0,0,0,0,0,0,0,0,0,0,0,0,0,0,0,0,0,0,0,0,0,0,0,0,0,0,-98,-94,-86
1200,2.0,6.0,Personal,-53,-66,-69,-69,0,0,0,0,0,0,0,0,0,-88,-88,-86,0,0,0,0,0,0,0,0,0,0,0,0,0,0,0,0,0,0,0,0,0,0,0,0,0,0,0,-99,-96,-87
1201,2.0,6.0,Personal,-52,-73,-77,-78,0,0,0,0,0,0,0,0,0,-88,-88,-88,0,0,0,0,0,-72,0,0,0,0,0,0,0,0,-71,-72,0,0,0,0,0,0,0,0,0,0,0,-91,-92,-87
1202,2.0,6.0,Personal,-52,-74,-77,-78,0,0,0,0,0,0,0,0,0,-87,-88,-87,0,0,0,0,0,0,0,0,0,0,0,0,0,0,0,0,0,0,0,0,0,0,0,0,0,0,0,-100,-94,-87
1203,2.0,6.0,Personal,-54,-75,-78,-78,0,0,0,0,0,0,0,0,0,-88,-88,0,0,0,0,0,0,-70,0,0,0,0,0,0,0,0,-69,-70,0,0,0,0,0,0,0,0,0,0,0,-90,-91,-88
1204,2.0,6.0,Personal,-52,-73,-77,-77,0,0,0,0,0,0,0,0,0,-88,-88,-88,0,0,0,0,0,0,0,0,0,0,0,0,0,0,0,0,0,0,0,0,0,0,0,0,0,0,0,-90,-90,-85
1220,6.0,6.0,Personal,-64,-86,-88,-87,0,0,0,0,0,0,0,0,0,0,0,0,-91,0,0,0,0,0,-88,0,0,-90,0,0,0,0,0,0,0,-93,0,0,0,0,0,0,0,0,0,-81,-100,-96
1221,6.0,6.0,Personal,-69,-84,-86,-85,0,0,0,0,0,0,0,0,0,0,0,0,-94,0,0,0,0,0,-87,0,0,0,0,0,0,0,0,0,0,0,0,0,0,0,0,0,0,0,0,-85,-93,-93
1222,6.0,6.0,Personal,-65,-82,-85,-87,0,0,0,0,0,0,0,0,0,0,0,0,-90,0,0,0,0,0,-86,0,0,-89,0,-92,0,0,0,0,0,0,0,0,0,0,0,0,0,0,0,-87,-95,-95
1223,6.0,6.0,Personal,-68,-86,-87,-87,0,0,0,0,0,0,0,0,0,0,0,0,-92,0,0,0,0,-74,-87,0,0,-90,0,0,0,0,-73,-73,0,0,0,0,0,0,0,0,0,0,0,-84,-92,-96
1224,6.0,6.0,Personal,-66,-82,-86,-85,0,0,0,0,0,0,0,0,0,0,0,0,-91,0,0,0,0,0,-86,0,0,-90,0,0,0,0,0,0,0,0,0,0,0,0,0,0,0,0,0,-85,-92,-95
1225,6.0,6.0,Personal,-64,-77,-81,-81,0,0,0,-79,-82,-82,0,0,0,0,0,0,-89,0,0,0,0,-75,-87,0,0,-90,0,0,0,0,-73,-75,0,-93,0,0,0,0,0,0,0,0,0,-85,-94,-94
1226,6.0,6.0,Personal,-62,-81,-85,-85,0,0,0,0,0,0,0,0,0,0,0,0,-94,0,0,0,0,0,-88,0,0,-90,0,0,0,0,0,0,0,0,0,0,0,0,0,0,0,0,0,-83,-93,-95
1227,6.0,6.0,Personal,-61,-79,-84,-84,0,0,0,0,0,0,0,0,0,0,0,0,-92,0,0,0,0,0,-88,0,0,-90,0,0,0,0,0,0,0,0,0,0,0,0,0,0,0,0,0,-82,-92,-96
1228,6.0,6.0,Personal,-66,-84,-85,-85,0,0,0,-79,-82,-82,0,0,0,0,0,0,-90,0,0,0,0,0,-88,0,0,-89,0,0,0,0,0,0,0,0,0,0,0,0,0,0,0,0,0,-82,-92,-94
1229,6.0,6.0,Personal,-67,-83,-87,-87,0,0,0,0,0,0,0,0,0,0,0,0,-90,0,0,0,0,-75,-86,0,0,-90,0,0,0,0,-73,-75,0,0,0,0,0,0,0,0,0,0,0,-80,-95,-94
1230,6.0,6.0,Personal,-62,-82,-86,-87,0,0,0,0,0,0,0,0,0,0,0,0,-93,0,0,0,0,0,-87,0,0,-89,0,0,0,0,0,0,0,0,0,0,0,0,0,0,0,0,0,-82,-93,-92
1231,6.0,6.0,Personal,-66,-83,-85,-84,0,0,0,0,0,0,0,0,0,0,0,0,-92,0,0,0,0,0,-87,0,0,-90,0,0,0,0,0,0,0,0,0,0,0,0,0,0,0,0,0,-81,-93,-94
1232,6.0,6.0,Personal,-65,-78,-84,-84,0,0,0,0,0,0,0,0,0,0,0,0,-94,0,0,0,0,0,-88,0,0,-91,0,0,0,0,0,0,0,0,0,0,0,0,0,0,0,0,0,-83,-93,-94
1233,6.0,6.0,Personal,-62,-82,-84,-83,0,0,0,0,0,0,0,0,0,0,0,0,-90,0,0,0,0,-76,-86,0,0,-90,0,0,0,0,-73,-75,0,0,0,0,0,0,0,0,0,0,0,-82,-97,-95
1234,6.0,6.0,Personal,-66,-79,-83,-83,0,0,0,0,0,0,0,0,0,0,0,0,0,0,0,0,0,0,-86,0,0,-90,0,0,0,0,0,0,0,0,0,0,0,0,0,0,0,0,0,-84,-92,-100
1235,7.85,6.0,Personal,-63,-86,-88,-87,0,0,0,0,0,0,0,0,0,0,0,0,-93,0,0,0,0,-77,0,0,0,0,0,0,0,0,-76,-80,0,0,0,0,0,0,0,0,0,0,0,-87,-88,-92
1236,7.85,6.0,Personal,-70,-80,-83,-83,0,0,0,0,0,0,0,0,0,0,0,0,0,0,0,0,0,0,0,0,0,0,0,0,0,0,0,0,0,0,0,0,0,0,0,0,0,0,0,-84,-87,-94
1237,7.85,6.0,Personal,-65,-86,-87,-87,0,0,0,0,0,0,0,0,0,0,0,0,-95,0,0,0,0,0,0,0,0,0,0,0,0,0,0,0,0,0,0,0,0,0,0,0,0,0,0,-84,-87,-94
1238,7.85,6.0,Personal,-69,-87,-87,-88,0,0,0,0,0,0,0,0,0,0,0,0,0,0,0,0,0,0,0,0,0,0,0,0,0,0,0,0,0,0,0,0,0,0,0,0,0,0,0,-83,-88,-93
1239,7.85,6.0,Personal,-62,-81,-84,-83,0,0,0,0,0,0,0,0,0,0,0,0,-92,0,0,0,0,0,0,0,0,0,0,0,0,0,0,0,0,0,0,0,0,0,0,0,0,0,0,-84,-87,-93
1240,7.85,6.0,Personal,-64,-85,-87,-87,0,0,0,0,0,0,0,0,0,0,0,0,0,0,0,0,0,-78,0,0,0,0,0,0,0,0,-76,-78,0,0,0,0,0,0,0,0,0,0,0,-86,-88,-95
1241,7.85,6.0,Personal,-63,-86,-87,-87,0,0,0,0,0,0,0,0,0,0,0,0,-94,0,0,0,0,-77,0,0,-94,0,0,0,0,0,-75,-75,0,0,0,0,0,0,0,0,0,0,0,-87,-89,-94
1242,7.85,6.0,Personal,-63,-81,-84,-84,0,0,0,0,0,0,0,0,0,0,0,0,-92,0,0,0,0,0,0,0,0,0,0,0,0,0,0,0,0,0,0,0,0,0,0,0,0,0,0,-88,-90,-94
1243,7.85,6.0,Personal,-63,-80,-82,-83,0,0,0,0,0,0,0,0,0,0,0,0,-94,0,0,0,0,-79,0,0,0,0,0,0,0,0,-77,-79,0,0,0,0,0,0,0,0,0,0,0,-89,-89,-92
1244,7.85,6.0,Personal,-64,-87,-88,-90,0,0,0,0,0,0,0,0,0,0,0,0,-93,0,0,0,0,0,0,0,0,0,0,0,0,0,0,0,0,0,0,0,0,0,0,0,0,0,0,-88,-89,-93
1245,7.85,6.0,Personal,-62,-87,-88,-88,0,0,0,0,0,0,0,0,0,0,0,0,-93,0,0,0,0,0,0,0,0,0,0,0,0,0,0,0,0,0,0,0,0,0,0,0,0,0,0,-78,-85,-98
1246,7.85,6.0,Personal,-62,-83,-85,-85,0,0,0,0,0,0,0,0,0,0,0,0,-90,0,0,0,0,0,0,0,0,0,0,0,0,0,0,0,0,0,0,0,0,0,0,0,0,0,0,-78,-83,-96
1247,7.85,6.0,Personal,-63,-86,-87,-87,0,0,0,0,0,0,0,0,0,0,0,0,0,0,0,0,0,0,0,0,0,0,0,0,0,0,0,0,0,0,0,0,0,0,0,0,0,0,0,-78,-84,-94
1248,7.85,6.0,Personal,-67,-88,-88,-89,0,0,0,0,0,0,0,0,0,0,0,0,-93,0,0,0,0,0,0,0,0,0,0,0,0,-83,0,0,0,0,0,0,0,0,0,0,0,0,0,-78,-84,-96
1249,7.85,6.0,Personal,-64,-87,-88,-89,0,0,0,0,0,0,0,0,0,0,0,0,-93,0,0,0,0,0,0,0,0,0,0,0,0,0,0,0,0,0,0,0,0,0,0,0,0,0,0,-78,-83,-97
1250,2.0,8.0,Personal,-36,-75,-77,-77,0,0,0,0,0,0,0,0,0,0,0,0,-93,0,0,0,0,0,0,0,0,0,0,0,0,0,0,0,0,0,0,0,0,0,0,0,0,0,0,-95,-83,-89
1251,2.0,8.0,Personal,-36,-78,-78,-78,0,0,0,0,0,0,0,0,0,0,0,0,-94,0,0,0,0,0,-87,0,0,0,0,0,0,0,0,0,0,0,0,0,0,0,0,0,0,0,0,-91,-84,-88
1252,2.0,8.0,Personal,-35,-74,-77,-77,0,0,0,0,0,0,0,0,0,0,0,0,0,0,-91,0,0,0,-87,0,0,0,0,0,0,0,0,0,0,0,0,0,0,0,0,0,0,0,0,-91,-84,-87
1253,2.0,8.0,Personal,-37,-75,-77,-77,0,0,0,-70,-70,-71,0,0,0,0,0,0,0,0,0,0,0,-75,-87,0,0,0,0,0,0,0,-74,-76,0,-93,0,0,0,0,0,0,0,0,0,-90,-85,-86
1254,2.0,8.0,Personal,-37,-67,-70,-71,0,0,0,0,0,0,0,0,0,0,0,0,-94,0,0,0,0,0,-88,0,0,0,0,0,0,0,0,0,0,0,0,0,0,0,0,0,0,0,0,-89,-80,-88
1255,2.0,8.0,Personal,-38,-78,-79,-79,0,0,0,0,0,0,0,0,0,0,0,0,0,0,0,0,0,-75,-88,0,0,0,0,0,0,0,-73,-77,0,0,0,0,0,0,0,0,0,0,0,-93,-82,-92
1256,2.0,8.0,Personal,-36,-71,-76,-75,0,0,0,0,0,0,0,0,0,0,0,0,-95,0,0,0,0,0,-88,0,0,0,0,0,0,0,0,0,0,0,0,0,0,0,0,0,0,0,0,-90,-88,-90
1257,2.0,8.0,Personal,-37,-75,-78,-78,0,0,0,0,0,0,0,0,0,0,0,0,0,0,0,0,0,0,-86,0,0,0,0,0,0,0,0,0,0,0,0,0,0,0,0,0,0,0,0,-91,-87,-88
1258,2.0,8.0,Personal,-36,-74,-77,-77,0,0,0,0,0,0,0,0,0,0,0,0,0,0,-94,0,0,0,-87,0,0,0,0,0,0,0,0,0,0,0,0,0,0,0,0,0,0,0,0,-92,-93,-90
1259,2.0,8.0,Personal,-36,-72,-75,-75,0,0,0,0,0,0,0,0,0,0,0,0,-95,0,0,0,0,-80,-87,0,0,0,0,0,0,0,-78,0,0,-94,0,0,0,0,0,0,0,0,0,-90,-93,-90
1260,2.0,8.0,Personal,-35,-71,-74,-74,0,0,0,0,0,0,0,0,0,0,0,0,-93,0,0,0,0,0,-86,0,0,0,0,0,0,0,0,0,0,-94,0,0,0,0,0,0,0,0,0,-93,-92,-89
1261,2.0,8.0,Personal,-36,-67,-74,-74,0,0,0,0,0,0,0,0,0,0,0,0,0,0,0,0,0,0,-87,0,0,0,0,0,0,0,0,0,0,0,0,0,0,0,0,0,0,0,0,-91,-92,-89
1262,2.0,8.0,Personal,-37,-75,-78,-78,0,0,0,0,0,0,0,0,0,0,0,0,-95,0,0,0,0,0,-87,0,0,0,0,0,0,0,0,0,0,0,0,0,0,0,0,0,0,0,0,-90,-78,-89
1263,2.0,8.0,Personal,-37,-75,-78,-77,0,0,0,0,0,0,0,0,0,0,0,0,0,0,0,0,0,-82,-87,0,0,0,0,0,0,0,-80,0,0,0,0,0,0,0,0,0,0,0,0,-91,-78,-89
1264,2.0,8.0,Personal,-38,-76,-77,-77,0,0,0,0,0,0,0,0,0,0,0,0,0,0,0,0,0,-81,-86,0,0,0,0,0,0,0,-79,0,0,0,0,0,0,0,0,0,0,0,0,-92,-77,-89
1280,6.0,8.0,Personal,-65,-83,-87,-86,0,0,0,-87,0,0,0,0,0,0,0,0,0,0,0,0,0,0,0,0,0,0,0,0,0,0,0,0,0,0,0,0,0,-94,0,0,0,0,0,-96,-84,-97
1281,6.0,8.0,Personal,-65,-84,-88,-87,0,0,0,-86,0,-88,0,0,0,0,0,0,-90,0,0,0,0,-80,0,0,0,0,0,0,0,0,-77,-78,-95,0,0,0,0,0,0,0,0,0,0,-91,-84,-94
1282,6.0,8.0,Personal,-64,-85,-87,-88,0,0,0,0,0,0,0,0,0,0,0,0,-89,0,-93,0,0,0,0,0,0,0,0,0,0,0,0,0,0,0,0,0,0,-93,0,0,0,0,0,-89,-82,-96
1283,6.0,8.0,Personal,-67,-83,-86,-87,0,0,0,-86,0,0,0,0,0,0,0,0,0,0,-94,0,0,0,0,0,0,0,0,0,0,0,0,0,0,0,0,0,0,0,0,0,0,0,0,-89,-83,-96
1284,6.0,8.0,Personal,-65,-84,-87,-87,0,0,0,-85,0,0,0,0,0,0,0,0,0,0,-92,0,0,0,0,0,0,0,0,0,0,0,0,0,-91,0,0,0,0,0,0,0,0,0,0,-90,-83,-93
1285,6.0,8.0,Personal,-65,-78,-84,-84,0,0,0,-86,0,0,0,0,0,0,0,0,-92,0,-93,0,0,0,0,0,0,0,0,0,0,0,0,0,0,0,0,0,0,0,0,0,0,0,0,-89,-83,-92
1286,6.0,8.0,Personal,-65,-84,-86,-87,0,0,0,0,0,0,0,0,0,0,0,0,0,0,-90,0,0,-80,0,0,0,0,0,0,0,0,-78,-78,-92,0,0,0,0,-95,0,0,0,0,0,-89,-82,-93
1287,6.0,8.0,Personal,-63,-86,-85,-86,0,0,0,-86,0,0,0,0,0,0,0,0,0,0,-96,0,0,-79,0,0,0,0,0,0,0,0,-78,-79,0,0,0,0,0,0,0,0,0,0,0,-89,-83,-96
1288,6.0,8.0,Personal,-61,-82,-84,-85,0,0,0,-87,0,0,0,0,0,0,0,0,-94,0,0,0,0,0,0,0,0,0,0,0,0,0,0,0,0,0,0,0,0,0,0,0,0,0,0,-87,-81,-96
1289,6.0,8.0,Personal,-66,-84,-88,-89,0,0,0,0,0,0,0,0,0,0,0,0,0,0,-92,0,0,0,0,0,0,0,0,0,0,0,0,0,0,0,0,0,0,0,0,0,0,0,0,-89,-82,-96
1290,6.0,8.0,Personal,-69,-84,-87,-87,0,0,0,-85,0,0,0,0,0,0,0,0,0,0,-92,0,0,0,0,0,0,0,0,0,0,0,0,0,0,0,0,0,0,0,0,0,0,0,0,-87,-81,-96
1291,6.0,8.0,Personal,-65,-82,-86,-86,0,0,0,-85,0,0,0,0,0,0,0,0,-92,0,-94,0,0,-78,-89,0,0,0,0,0,0,0,-78,-79,0,0,0,0,0,0,0,0,0,0,0,-89,-80,-94
1292,6.0,8.0,Personal,-63,-81,-88,-88,0,0,0,-86,0,0,0,0,0,0,0,0,-93,0,0,0,0,0,0,0,0,0,0,0,0,0,0,0,0,0,0,0,0,0,0,0,0,0,0,-90,-86,-93
1293,6.0,8.0,Personal,-64,-85,-87,-88,0,0,0,0,0,0,0,0,0,0,0,0,-94,0,-93,0,0,0,0,0,0,0,0,0,0,0,0,0,0,0,0,0,0,0,0,0,0,0,0,-89,-85,-94
1294,6.0,8.0,Personal,-60,-83,-87,-87,0,0,0,0,0,0,0,0,0,0,0,0,-95,0,-94,0,0,-79,0,0,0,0,0,0,0,0,-78,-78,0,0,0,0,0,0,0,0,0,0,0,-91,-88,-92
1295,7.85,8.0,Personal,-63,-85,-87,-87,0,0,0,0,0,0,0,0,0,0,0,0,0,0,0,0,0,-85,-83,0,0,0,0,0,0,0,-80,-83,0,0,0,0,-89,0,-95,0,0,0,0,-94,-90,-97
1296,7.85,8.0,Personal,-62,-79,-83,-83,0,0,0,0,0,0,0,0,0,0,0,0,-93,0,0,0,0,0,-86,0,0,0,0,0,0,-89,0,0,0,0,0,0,0,-90,0,0,0,0,0,-90,-91,-102
1297,7.85,8.0,Personal,-61,-84,-87,-86,0,0,0,0,0,0,0,0,0,0,0,0,-94,0,0,0,0,-82,0,0,0,0,0,0,0,0,-79,-81,0,0,0,0,0,0,-96,-95,0,0,0,-90,-94,-103
1298,7.85,8.0,Personal,-61,-79,-82,-82,0,0,0,0,0,0,0,0,0,0,0,0,0,0,0,0,0,0,-79,0,0,0,0,0,-86,0,0,0,0,0,0,0,0,0,0,0,0,0,0,-89,-92,-96
1299,7.85,8.0,Personal,-63,-79,-81,-81,0,0,0,0,0,0,0,0,0,0,0,0,0,0,0,0,0,-81,-79,0,0,0,0,0,-85,-85,-80,-83,0,0,0,0,0,0,0,0,0,0,0,-90,-91,-98
1300,7.85,8.0,Personal,-64,-85,-85,-85,0,0,0,0,0,0,0,0,0,0,0,0,0,0,0,0,0,0,-78,0,0,0,0,0,-86,-86,0,0,0,0,0,0,0,0,0,0,0,0,0,-88,-93,-94
1301,7.85,8.0,Personal,-68,-80,-84,-84,0,0,0,0,0,0,0,0,0,0,0,0,0,0,0,0,0,-82,-79,0,0,0,0,-91,-85,0,-80,-84,0,0,0,0,0,0,-93,-94,0,0,0,-87,-94,-96
1302,7.85,8.0,Personal,-61,-80,-83,-82,0,0,0,0,0,0,0,0,0,0,0,0,-96,0,0,0,0,0,-79,0,0,0,0,-91,-85,-86,0,0,0,0,0,0,0,-91,0,-95,0,0,0,-87,-90,-95
1303,7.85,8.0,Personal,-73,-84,-86,-87,0,0,0,0,0,0,0,0,0,0,0,0,0,0,0,0,0,0,-79,0,0,0,0,0,-85,-86,0,0,0,0,0,0,0,0,0,0,0,0,0,-87,-95,-94
1304,7.85,8.0,Personal,-63,-84,-86,-86,0,0,0,0,0,0,0,0,0,0,0,0,-93,0,-94,0,0,0,-79,0,0,0,0,0,-85,0,0,0,0,0,0,0,0,-93,0,-93,0,0,0,-90,-93,-98
1305,7.85,8.0,Personal,-65,-84,-86,-86,0,0,0,0,0,0,0,0,0,0,0,0,-95,0,0,0,0,0,-79,0,0,0,0,0,-87,-84,0,0,0,0,0,0,0,0,0,0,0,0,0,-89,-92,-100
1306,7.85,8.0,Personal,-63,-84,-87,-86,0,0,0,0,0,0,0,0,0,0,0,0,-96,0,0,0,0,-84,-79,0,0,0,0,0,-84,-86,-80,-82,0,0,0,0,0,0,-95,-95,0,0,0,-89,-91,-95
1307,7.85,8.0,Personal,-63,-85,-87,-87,0,0,0,0,0,0,0,0,0,0,0,0,0,0,-94,0,0,0,-78,0,0,0,0,0,-85,-85,0,0,0,0,0,0,0,0,0,0,0,0,0,-88,-90,-101
1308,7.85,8.0,Personal,-62,-83,-86,-85,0,0,0,0,0,0,0,0,0,0,-92,0,-97,0,0,0,0,-81,-78,0,0,-89,0,0,-86,-86,-80,-82,0,0,0,0,0,0,0,-93,0,0,0,-87,-97,-96
1309,7.85,8.0,Personal,-65,-84,-87,-86,0,0,0,0,0,0,0,0,0,0,0,0,0,0,0,0,0,0,-78,0,0,-90,0,0,0,-87,0,0,0,0,0,0,0,0,0,0,0,0,0,-87,-98,-97
1310,0.0,8.0,Personal,-55,-77,-78,-78,0,0,0,0,0,0,0,0,0,0,0,0,0,0,0,0,0,0,0,0,0,0,0,0,0,0,0,0,0,0,0,0,0,0,0,0,-88,-88,0,-94,-88,-90
1311,0.0,8.0,Personal,-57,-68,-70,-72,0,0,0,0,0,0,0,0,0,0,0,0,0,0,0,0,0,-71,0,0,0,0,0,0,0,0,-66,-70,0,0,0,0,0,0,0,0,0,-88,0,-93,-96,-90
1312,0.0,8.0,Personal,-57,-70,-74,-75,0,0,0,0,0,0,0,0,0,0,0,0,0,0,0,0,0,0,-88,0,0,0,0,0,0,0,0,0,0,0,0,0,0,0,0,0,0,-89,0,-92,-96,-100
1313,0.0,8.0,Personal,-56,-64,-70,-70,0,0,0,0,0,0,0,0,0,0,0,0,0,0,0,0,0,0,0,0,0,0,0,0,0,0,0,0,0,0,0,0,0,0,0,0,0,-88,0,-93,-95,-91
1314,0.0,8.0,Personal,-56,-71,-74,-74,0,0,0,0,0,0,0,0,0,0,0,0,0,0,0,0,0,-70,0,0,0,0,0,0,0,0,-64,-71,0,0,0,0,0,0,0,0,-87,-87,0,-93,-96,-91
1315,0.0,8.0,Personal,-58,-73,-75,-75,0,0,0,0,0,0,0,0,0,0,0,0,-94,0,0,0,0,0,0,0,0,0,0,0,0,0,0,0,0,0,0,0,0,0,0,0,0,0,0,-91,-94,-91
1316,0.0,8.0,Personal,-57,-69,-73,-73,0,0,0,0,0,0,0,0,0,0,0,0,0,0,0,0,0,0,0,0,0,-88,0,0,0,0,-65,-68,0,0,0,0,0,0,0,0,-88,-88,0,-93,-98,-92
1317,0.0,8.0,Personal,-55,-74,-78,-78,0,0,0,-74,-80,-81,0,0,0,0,0,0,0,0,0,0,0,0,0,0,0,0,0,-91,0,0,0,0,0,0,0,0,0,0,0,0,0,-87,0,-94,-96,-93
1318,0.0,8.0,Personal,-57,-69,-73,-73,0,0,0,-74,-80,-81,0,0,0,0,0,0,0,0,0,0,0,0,0,0,0,0,0,0,0,0,0,0,0,0,0,0,0,0,0,0,-88,-88,0,-93,-87,-85
1319,0.0,8.0,Personal,-59,-77,-79,-80,0,0,0,0,0,0,0,0,0,0,0,0,0,0,0,0,0,0,0,0,0,0,0,0,0,0,0,0,0,0,0,0,0,0,0,0,0,0,0,-94,-87,-85
1320,0.0,8.0,Personal,-59,-73,-76,-76,0,0,0,0,0,0,0,0,0,0,0,0,0,0,0,0,0,0,0,0,0,0,0,0,0,0,0,0,0,0,0,0,0,0,0,0,-88,-88,0,-95,-88,-87
1321,0.0,8.0,Personal,-58,-76,-79,-80,0,0,0,0,0,0,0,0,0,0,0,0,0,0,0,0,0,0,0,0,0,0,0,0,0,0,0,0,0,0,0,0,0,0,0,0,-88,-88,0,-95,-87,-85
1322,0.0,8.0,Personal,-58,-72,-76,-77,0,0,0,0,0,0,0,0,0,0,0,0,0,0,0,0,0,0,0,0,0,0,0,0,0,0,0,0,0,0,0,0,0,0,0,0,0,0,0,-94,-86,-85
1323,0.0,8.0,Personal,-61,-80,-80,-80,0,0,0,0,0,0,0,0,0,0,0,0,0,0,0,0,0,-72,0,0,0,0,0,0,0,0,-67,-71,0,0,0,0,0,0,0,0,-87,-88,0,-95,-89,-90
1324,0.0,8.0,Personal,-59,-79,-82,-82,0,0,0,0,0,0,0,0,0,0,0,0,0,0,0,0,0,0,0,0,0,0,0,0,0,0,0,0,0,0,0,0,0,0,0,0,-87,-88,0,-92,-89,-90
1325,0.0,6.0,Personal,-62,-60,-63,-63,0,0,0,0,0,0,0,0,0,0,0,0,0,0,0,0,0,0,0,0,0,-85,0,-87,0,0,0,0,0,0,0,0,0,0,0,0,0,-90,0,-92,-89,-97
1326,0.0,6.0,Personal,-60,-66,-66,-66,0,0,0,0,0,0,0,0,0,0,0,0,0,0,0,0,0,-55,0,0,0,-87,0,-89,0,0,-52,0,0,0,0,0,0,0,0,0,0,0,0,-91,-90,-98
1327,0.0,6.0,Personal,-57,-64,-67,-67,0,0,0,0,0,0,0,0,0,0,0,0,0,0,0,0,0,-56,0,0,0,-87,0,-87,0,0,0,0,0,0,0,0,0,0,0,0,0,0,0,-92,-88,-95
1328,0.0,6.0,Personal,-60,-66,-66,-66,0,0,0,0,0,0,0,0,0,0,0,0,0,0,0,0,0,-56,0,0,0,-87,-90,-87,0,0,-53,-56,0,0,0,0,0,0,0,0,0,0,0,-92,-89,-92
1329,0.0,6.0,Personal,-54,-64,-67,-67,0,0,0,0,0,0,0,0,0,0,0,0,0,0,0,0,0,-55,0,0,0,-86,0,-89,0,0,0,0,0,0,0,0,0,0,0,0,0,0,0,-92,-89,-98
1330,0.0,6.0,Personal,-60,-67,-67,-67,0,0,0,0,0,0,0,0,0,0,0,0,0,0,0,0,0,0,0,0,0,-89,-87,-91,0,0,0,0,0,0,0,0,0,0,0,0,0,0,0,-94,-83,-86
1331,0.0,6.0,Personal,-61,-60,-63,-62,0,0,0,0,0,0,0,0,0,0,0,0,0,0,0,0,0,0,0,0,0,-87,0,-89,0,0,0,0,0,0,0,0,0,0,0,0,0,0,0,-95,-85,-87
1332,0.0,6.0,Personal,-58,-64,-67,-67,0,0,0,0,0,0,0,0,0,0,0,0,0,0,0,0,0,0,0,0,0,0,0,-88,0,0,0,0,0,-94,0,0,0,0,0,0,0,0,-89,-97,-85,-86
1333,0.0,6.0,Personal,-55,-65,-68,-69,0,0,0,0,0,0,0,0,0,-93,-92,0,0,0,0,0,0,0,0,0,0,-86,0,-89,0,0,0,0,0,0,0,0,0,0,0,0,0,0,0,-92,-81,-86
1334,0.0,6.0,Personal,-68,-63,-66,-67,0,0,0,0,0,0,0,0,0,0,0,0,0,0,0,0,0,0,0,0,0,-87,-89,-87,0,0,0,0,0,0,0,0,0,0,0,0,0,0,0,-95,-83,-87
1335,0.0,6.0,Personal,-68,-64,-67,-67,0,0,0,-67,-71,-71,0,0,0,0,0,0,0,0,0,0,0,-54,0,0,0,-86,-87,-88,0,0,-52,-55,0,0,0,0,0,0,0,0,0,0,0,-88,-96,-86
1336,0.0,6.0,Personal,-65,-60,-64,-64,0,0,0,0,0,0,0,0,0,0,0,0,0,0,0,0,0,-55,0,0,0,-87,-90,-88,0,0,-52,-55,0,0,0,0,0,0,0,0,0,0,0,-90,-100,-91
1337,0.0,6.0,Personal,-64,-56,-60,-60,0,0,0,0,0,0,0,0,0,0,0,0,0,0,0,0,0,-56,0,0,0,-87,-88,-89,0,0,-52,-56,0,0,0,0,0,0,0,0,-90,-91,0,-90,-97,-93
1338,0.0,6.0,Personal,-60,-66,-69,-69,0,0,0,0,0,0,0,0,0,0,0,0,0,0,0,0,0,-55,0,0,0,0,0,-90,0,0,0,0,0,0,0,0,0,0,0,0,0,0,0,-88,-90,-91
1339,0.0,6.0,Personal,-58,-64,-67,-67,0,0,0,0,0,0,0,0,0,-91,-92,0,0,0,0,0,0,-56,0,0,0,-87,-88,-87,0,0,-53,-56,0,0,0,0,0,0,0,0,0,0,-89,-88,-95,-91
1340,0.0,4.0,Personal,-56,-55,-58,-58,0,0,0,-77,-78,-79,0,0,0,-91,-91,0,0,0,0,0,0,-56,0,0,0,0,0,0,0,0,-53,-56,0,0,0,0,0,0,0,0,0,0,0,-101,-95,-87
1341,0.0,4.0,Personal,-55,-54,-57,-57,0,0,0,0,0,0,0,0,0,-91,-91,0,0,0,0,0,0,-57,0,0,0,0,0,0,0,0,-53,-56,0,0,0,0,0,0,0,0,0,0,0,-99,-96,-85
1342,0.0,4.0,Personal,-59,-51,-54,-54,0,0,0,0,0,0,0,0,0,-92,-92,0,0,0,0,0,0,-56,0,0,0,0,0,0,0,0,0,0,0,0,0,0,0,0,0,0,0,0,0,-97,-93,-83
1343,0.0,4.0,Personal,-58,-54,-58,-58,0,0,0,0,0,0,0,0,0,-90,-91,0,0,0,0,0,0,0,0,0,0,0,0,0,0,0,0,0,0,0,0,0,0,0,0,0,0,0,0,-96,-90,-84
1344,0.0,4.0,Personal,-59,-54,-57,-58,0,0,0,0,0,0,0,0,0,-89,-92,0,0,0,0,0,0,-57,0,0,0,0,0,0,0,0,0,0,0,0,0,0,0,0,0,0,0,0,0,-97,-92,-88
1345,0.0,4.0,Personal,-62,-54,-58,-58,0,0,0,0,0,0,0,0,0,-92,-91,0,-94,0,0,0,0,0,0,0,0,0,0,0,0,0,0,0,0,0,0,0,0,0,0,0,0,0,0,-97,-90,-88
1346,0.0,4.0,Personal,-58,-50,-54,-54,0,0,0,0,0,0,0,0,0,-91,-90,0,-97,0,0,0,0,-57,0,0,0,0,0,0,0,0,-54,-57,0,0,0,0,0,0,0,0,0,0,0,-96,-92,-87
1347,0.0,4.0,Personal,-57,-53,-57,-58,0,0,0,0,0,0,0,0,0,-91,-91,-84,-93,0,0,0,0,-57,0,0,0,0,0,0,0,0,-54,-59,0,0,0,0,0,0,0,0,0,0,0,-100,-97,-88
1348,0.0,4.0,Personal,-57,-55,-58,-58,0,0,0,0,0,0,0,0,0,-90,-90,0,0,0,0,0,0,-57,0,0,0,0,0,0,0,0,0,0,0,0,0,0,0,0,0,0,0,0,0,-96,-100,-94
1349,0.0,4.0,Personal,-57,-50,-54,-54,0,0,0,0,0,0,0,0,0,-91,-91,0,0,0,0,0,0,0,0,0,0,0,0,0,0,0,-55,-57,0,0,0,0,0,-93,0,0,0,0,0,-99,-96,-94
1350,0.0,4.0,Personal,-57,-56,-58,-58,0,0,0,0,0,0,0,0,0,-91,-91,-87,0,0,0,0,0,-58,0,0,0,0,0,0,0,0,-54,-57,0,0,0,0,0,0,0,0,0,0,0,-94,-97,-90
1351,0.0,4.0,Personal,-61,-54,-57,-58,0,0,0,0,0,0,0,0,0,-90,-89,-85,0,0,0,0,0,0,0,0,0,0,0,0,0,0,0,0,0,0,0,0,0,0,0,0,0,0,0,-97,-96,-89
1352,0.0,4.0,Personal,-59,-49,-54,-54,0,0,0,0,0,0,0,0,0,-91,-90,0,-94,0,0,0,0,-56,0,0,0,0,0,0,0,0,0,0,0,0,0,0,0,0,0,0,0,0,0,-97,-97,-88
1353,0.0,4.0,Personal,-60,-54,-58,-58,0,0,0,0,0,0,0,0,0,-90,-89,0,0,0,0,0,0,0,0,0,0,0,0,0,0,0,0,0,0,0,0,0,0,0,0,0,0,0,0,-99,-94,-92
1354,0.0,4.0,Personal,-61,-56,-58,-58,0,0,0,0,0,0,0,0,0,-90,-91,0,-95,0,0,0,0,-56,0,0,0,0,0,0,0,0,0,0,0,0,0,0,0,0,0,0,0,0,0,-97,-98,-93
